<?xml version="1.0" encoding="utf-8"?>
<ApplicationInstallerManifest>
   <DefaultInstallationDirectory>/Applications/PointingViewer/</DefaultInstallationDirectory>
   <ApplicationName>PointingViewer</ApplicationName>
   <ExecutableName>application/PointingViewer.exe</ExecutableName>
   <GUID>59be2444-ff0a-46aa-83a6-c53f15a9f78f</GUID>
   <ApplicationIcon>icon_48.png</ApplicationIcon>
   <Logo>default_logo.png</Logo>
   <Version>1.1</Version>
   <Summary>Field-of-View visualization tool for ground-based lunar astronomy</Summary>
   <WelcomePanelText>PointingViewer 1.1
Field-of-View visualization tool for ground-based lunar astronomy

PointingViewer accepts FOV pointing information for a given date/time and outputs the selenocentric coordinates (longitude, latitude, altitude) corresponding to such an observation. In addition, it displays the FOV's relative size and location on the sky with respect to the moon's appearance, reflecting lunar libration, orientation and illuminated fraction.

N.J. Derr
nicholas.derr@gmail.com</WelcomePanelText>
   <MCRProducts>
      <MCRProduct>
         <ExternalProductIdentifier>35000</ExternalProductIdentifier>
      </MCRProduct>
      <MCRProduct>
         <ExternalProductIdentifier>35010</ExternalProductIdentifier>
      </MCRProduct>
   </MCRProducts>
</ApplicationInstallerManifest>